first_name,last_name,+1 first_name,+1 last_name,source
John,Smith,Jane,Smith,Work Friends
Michael,Johnson,Sarah,Jones,College
David,Smith,,,,Work Friends
Lisa,Johnson,,,,College
Robert,Brown,Mary,Brown,Family
Emma,Davis,James,Davis,Neighbors
Carlos,Rodriguez,Ana,Rodriguez,Family
Sophie,Martin,,,,School Friends